<empoloyees>

<employee>
<empno>1234</empno>
<empname>thomas</empname>
<empsalary>12222</empsalary>


<department>
<deptid>10</deptid>
<deptname>tr</deptname>
<deptloc>chennai</deptloc>
</department>

<address>
<addressid>1</addressid>
<street>thhraipakkam</street>
<city>chennai</city>
<state>TN</state>
<country>IN</country>
</address>

<skills>
<skill>
<skillid>1</skillid>
<skillname>java</skillname>
</skill>

<skill>
<skillid>2</skillid>
<skillname>.net</skillname>
</skill>

<skill>
<skillid>3</skillid>
<skillname>php</skillname>
</skill>
</skills>



</employee>


</empoloyees>